,Date,Time,X,Y,Habitat,Group_size,SDI,Destination,Threat,DFL,SDI_2,Destination_2,DFL_2,FID,mode,FID_2,mode_2,month,location_number,Season
1,20/02/2019,8:26:00,1673764.035,19996541.77,Fields,4,62,NA,Human,NA,NA,NA,NA,30,Fly,NA,NA,2,1673764.03534294_19996541.7691116,non-nesting
2,20/02/2019,8:40:00,1673764.035,19996541.77,HDH,2,56,NA,Human,NA,NA,NA,NA,16,Fly,NA,NA,2,1673764.03534294_19996541.7691116,non-nesting
3,20/02/2019,8:44:00,1673764.035,19996541.77,HDH,2,76,NA,Human,NA,NA,NA,NA,34,Fly,NA,NA,2,1673764.03534294_19996541.7691116,non-nesting
4,20/02/2019,9:08:00,1673764.045,19996541.75,Ponds,3,47,NA,Human,37,37,NA,5,26,Fly,1,Run,2,1673764.04534294_19996541.7541116,non-nesting
5,20/02/2019,9:21:00,1673764.045,19996541.75,Ponds,2,41,NA,Human,NA,NA,NA,NA,22,Fly,NA,NA,2,1673764.04534294_19996541.7541116,non-nesting
6,20/02/2019,9:23:00,1673764.045,19996541.75,Ponds,1,52,NA,Human,35,NA,NA,50,27,Fly,33,Fly,2,1673764.04534294_19996541.7541116,non-nesting
7,20/02/2019,9:32:00,1673764.045,19996541.76,Ponds,2,77,NA,Human,NA,NA,NA,NA,26,Fly,NA,NA,2,1673764.04534294_19996541.7591116,non-nesting
8,20/02/2019,9:49:00,1673764.03,19996541.76,HDH,2,42,NA,Human,25,25,NA,50,11,Fly,3,Run,2,1673764.03034294_19996541.7591116,non-nesting
9,20/02/2019,10:03:00,1673764.03,19996541.76,HDH,1,37,NA,Human,NA,NA,NA,NA,37,Fly,NA,NA,2,1673764.03034294_19996541.7641116,non-nesting
10,20/02/2019,10:53:00,1673764.01,19996541.81,HDH,2,50,NA,Human,NA,NA,NA,NA,37,Fly,NA,NA,2,1673764.01034294_19996541.8141116,non-nesting
11,20/02/2019,11:17:00,1673764.02,19996541.81,HDH,1,50,NA,Human,NA,NA,NA,NA,27,Fly,NA,NA,2,1673764.02034294_19996541.8091116,non-nesting
12,20/02/2019,11:57:00,1673764,19996541.84,Fields,2,82,NA,Human,NA,NA,NA,NA,35,Fly,NA,NA,2,1673764.00034294_19996541.8391116,non-nesting
13,20/02/2019,12:09:00,1673764,19996541.84,Fields,1,42,NA,Human,NA,NA,NA,NA,42,Fly,NA,NA,2,1673764.00034294_19996541.8391116,non-nesting
14,20/02/2019,12:17:00,1673763.995,19996541.84,Fields,4,53,NA,Human,28,NA,NA,NA,16,Fly,NA,NA,2,1673763.99534294_19996541.8391116,non-nesting
15,20/02/2019,13:22:00,1673764.005,19996541.81,Ponds,2,44,NA,Human,NA,NA,NA,NA,39,Fly,NA,NA,2,1673764.00534294_19996541.8141116,non-nesting
16,20/02/2019,13:31:00,1673764,19996541.81,Ponds,2,57,NA,Human,NA,NA,NA,NA,50,Fly,NA,NA,2,1673764.00034294_19996541.8141116,non-nesting
17,20/02/2019,13:41:00,1673763.995,19996541.81,Ponds,26,46,NA,Human,36,NA,NA,NA,32,Fly,NA,NA,2,1673763.99534294_19996541.8141116,non-nesting
18,20/02/2019,13:55:00,1673764.01,19996541.8,Ponds,2,68,NA,Human,NA,NA,NA,NA,43,Fly,NA,NA,2,1673764.01034294_19996541.8041116,non-nesting
19,20/02/2019,14:03:00,1673764.01,19996541.8,Ponds,2,58,NA,Human,10,NA,NA,NA,58,Fly,NA,NA,2,1673764.01034294_19996541.8041116,non-nesting
20,20/02/2019,15:39:00,1673763.99,19996541.78,HDH,2,42,NA,Human,34,34,NA,1,20,Run,15,Run,2,1673763.99034294_19996541.7841116,non-nesting
21,20/02/2019,16:19:00,1673763.995,19996541.75,Ponds,2,43,NA,Human,30,NA,NA,NA,36,Fly,NA,NA,2,1673763.99534294_19996541.7541116,non-nesting
22,20/02/2019,16:22:00,1673763.995,19996541.75,Ponds,2,65,NA,Human,13,NA,NA,NA,37,Fly,NA,NA,2,1673763.99534294_19996541.7541116,non-nesting
23,20/02/2019,17:01:00,1673763.97,19996541.77,Fields,2,78,NA,Human,NA,NA,NA,NA,38,Fly,NA,NA,2,1673763.97034294_19996541.7741116,non-nesting
24,20/02/2019,17:19:00,1673764.045,19996541.77,Ponds,2,65,NA,Human,3,NA,NA,50,61,Fly,25,Fly,2,1673764.04534294_19996541.7741116,non-nesting
25,20/02/2019,17:23:00,1673764.04,19996541.77,Ponds,2,50,NA,Human,NA,NA,NA,NA,32,Fly,NA,NA,2,1673764.04034294_19996541.7741116,non-nesting
26,26/02/2019,8:51:00,1673764.045,19996541.77,Ponds,2,75,NA,Human,NA,NA,NA,NA,30,Fly,NA,NA,2,1673764.04534294_19996541.7741116,non-nesting
27,26/02/2019,9:03:00,1673764.045,19996541.77,Ponds,2,76,NA,Human,63,NA,NA,50,16,Fly,25,Fly,2,1673764.04534294_19996541.7741116,non-nesting
28,26/02/2019,9:15:00,1673764.045,19996541.78,Ponds,2,60,NA,Human,NA,NA,NA,NA,54,Fly,NA,NA,2,1673764.04534294_19996541.7791116,non-nesting
29,26/02/2019,9:18:00,1673764.045,19996541.78,Ponds,2,75,NA,Human,NA,NA,NA,NA,37,Fly,NA,NA,2,1673764.04534294_19996541.7791116,non-nesting
30,26/02/2019,9:27:00,1673764.045,19996541.78,Ponds,4,102,NA,Human,2,37,NA,50,37,Fly,25,Fly,2,1673764.04534294_19996541.7791116,non-nesting
31,26/02/2019,9:50:00,1673764.045,19996541.78,Ponds,2,91,NA,Human,60,NA,NA,NA,29,Fly,32,Fly,2,1673764.04534294_19996541.7841116,non-nesting
32,26/02/2019,10:05:00,1673764.045,19996541.78,Ponds,2,46,NA,Human,70,40,NA,NA,28,Fly,19,Fly,2,1673764.04534294_19996541.7841116,non-nesting
33,26/02/2019,10:09:00,1673764.045,19996541.78,Ponds,2,59,NA,Human,NA,NA,NA,NA,35,Fly,NA,NA,2,1673764.04534294_19996541.7841116,non-nesting
34,26/02/2019,10:17:00,1673764.045,19996541.78,Ponds,1,62,NA,Human,NA,NA,NA,NA,47,Fly,NA,NA,2,1673764.04534294_19996541.7791116,non-nesting
35,26/02/2019,10:40:00,1673764.055,19996541.78,Ponds,18,93,NA,Human,NA,NA,NA,NA,82,Fly,NA,NA,2,1673764.05534294_19996541.7791116,non-nesting
36,26/02/2019,10:48:00,1673764.055,19996541.78,Ponds,2,41,NA,Human,20,52,NA,60,29,Fly,22,Fly,2,1673764.05534294_19996541.7791116,non-nesting
37,26/02/2019,10:58:00,1673764.06,19996541.78,Ponds,2,60,NA,Human,43,95,NA,NA,42,Fly,42,Fly,2,1673764.06034294_19996541.7791116,non-nesting
38,26/02/2019,11:21:00,1673764.06,19996541.77,Ponds,2,48,NA,Human,94,NA,NA,NA,22,Fly,NA,NA,2,1673764.06034294_19996541.7741116,non-nesting
39,26/02/2019,11:28:00,1673764.06,19996541.77,Ponds,2,42,NA,Human,NA,NA,NA,NA,35,Fly,NA,NA,2,1673764.06034294_19996541.7741116,non-nesting
40,26/02/2019,12:01:00,1673764.04,19996541.79,HDH,1,48,NA,Human,NA,NA,NA,NA,10,Fly,NA,NA,2,1673764.04034294_19996541.7941116,non-nesting
41,26/02/2019,14:21:00,1673764.045,19996541.78,Ponds,2,52,NA,Human,NA,NA,NA,NA,29,Fly,NA,NA,2,1673764.04534294_19996541.7841116,non-nesting
42,26/02/2019,14:30:00,1673764.04,19996541.78,Ponds,2,48,NA,Human,NA,NA,NA,NA,37,Fly,NA,NA,2,1673764.04034294_19996541.7841116,non-nesting
43,26/02/2019,14:51:00,1673764.035,19996541.78,Ponds,2,61,NA,Human,91,NA,NA,NA,40,Fly,NA,NA,2,1673764.03534294_19996541.7841116,non-nesting
44,26/02/2019,14:58:00,1673764.035,19996541.78,Ponds,1,66,NA,Human,48,NA,NA,100,38,Fly,28,Fly,2,1673764.03534294_19996541.7841116,non-nesting
45,26/02/2019,15:06:00,1673764.035,19996541.78,Ponds,1,45,NA,Human,30,NA,NA,NA,31,Fly,43,Fly,2,1673764.03534294_19996541.7841116,non-nesting
46,26/02/2019,15:12:00,1673764.035,19996541.78,Fields,2,61,NA,Human,NA,NA,NA,NA,16,Fly,NA,NA,2,1673764.03534294_19996541.7841116,non-nesting
47,26/02/2019,15:15:00,1673764.035,19996541.78,Fields,2,46,NA,Human,45,NA,NA,NA,29,Fly,42,Fly,2,1673764.03534294_19996541.7841116,non-nesting
48,12/03/2019,8:06:00,1673764.04,19996541.78,Ponds,1,60,Cover,Human,NA,47,Exposed,NA,30,Fly,39,Fly,3,1673764.04034294_19996541.7841116,non-nesting
49,12/03/2019,8:15:00,1673764.04,19996541.78,Ponds,2,70,Cover,Human,NA,NA,NA,NA,33,Fly,NA,NA,3,1673764.04034294_19996541.7841116,non-nesting
50,12/03/2019,8:23:00,1673764.035,19996541.78,Ponds,2,80,Exposed,Human,20,53,Cover,60,23,Fly,20,Fly,3,1673764.03534294_19996541.7841116,non-nesting
51,12/03/2019,8:35:00,1673764.035,19996541.78,Ponds,2,80,Cover,Human,NA,NA,NA,NA,30,Fly,NA,NA,3,1673764.03534294_19996541.7841116,non-nesting
52,12/03/2019,8:38:00,1673764.03,19996541.78,Ponds,1,46,Cover,Human,NA,NA,NA,NA,46,Fly,NA,NA,3,1673764.03034294_19996541.7841116,non-nesting
53,12/03/2019,8:46:00,1673764.03,19996541.78,Fields,2,70,Cover,Human,NA,NA,NA,NA,45,Fly,NA,NA,3,1673764.03034294_19996541.7841116,non-nesting
54,12/03/2019,8:49:00,1673764.03,19996541.78,Fields,2,102,Cover,Human,NA,NA,NA,NA,27,Fly,NA,NA,3,1673764.03034294_19996541.7841116,non-nesting
55,12/03/2019,8:54:00,1673764.025,19996541.78,Ponds,2,62,Cover,Human,NA,NA,NA,NA,37,Fly,NA,NA,3,1673764.02534294_19996541.7841116,non-nesting
56,12/03/2019,8:56:00,1673764.025,19996541.78,Ponds,2,82,Cover,Human,NA,NA,NA,NA,40,Fly,NA,NA,3,1673764.02534294_19996541.7841116,non-nesting
57,12/03/2019,9:00:00,1673764.02,19996541.79,Ponds,2,134,Exposed,Human,40,86,Cover,NA,40,Fly,35,Fly,3,1673764.02034294_19996541.7891116,non-nesting
58,12/03/2019,9:05:00,1673764.02,19996541.79,Ponds,1,70,Cover,Human,NA,NA,NA,NA,50,Fly,NA,NA,3,1673764.02034294_19996541.7891116,non-nesting
59,12/03/2019,9:10:00,1673764.02,19996541.79,Ponds,2,52,Cover,Human,NA,NA,NA,NA,35,Fly,NA,NA,3,1673764.02034294_19996541.7891116,non-nesting
60,12/03/2019,9:13:00,1673764.02,19996541.79,Ponds,2,47,Cover,Human,NA,NA,NA,NA,29,Fly,NA,NA,3,1673764.02034294_19996541.7891116,non-nesting
61,12/03/2019,9:26:00,1673764.02,19996541.79,Fields,2,48,Cover,Human,NA,50,NA,NA,36,Run,NA,NA,3,1673764.02034294_19996541.7891116,non-nesting
62,12/03/2019,9:34:00,1673764.015,19996541.79,Ponds,1,45,Cover,Human,NA,NA,NA,NA,45,Fly,NA,NA,3,1673764.01534294_19996541.7941116,non-nesting
63,12/03/2019,9:37:00,1673764.015,19996541.79,Ponds,1,51,Cover,Human,NA,NA,NA,NA,27,Fly,NA,NA,3,1673764.01534294_19996541.7941116,non-nesting
64,12/03/2019,9:40:00,1673764.015,19996541.79,Ponds,2,63,Cover,Human,NA,NA,NA,NA,24,Fly,NA,NA,3,1673764.01534294_19996541.7941116,non-nesting
65,12/03/2019,9:46:00,1673764.01,19996541.79,Ponds,2,46,Exposed,Human,30,63,Cover,NA,33,Fly,32,Fly,3,1673764.01034294_19996541.7941116,non-nesting
66,12/03/2019,9:51:00,1673764.01,19996541.79,Ponds,2,72,Cover,Human,NA,NA,NA,NA,33,Fly,NA,NA,3,1673764.01034294_19996541.7941116,non-nesting
67,12/03/2019,9:57:00,1673764.005,19996541.79,Ponds,2,54,Cover,Human,NA,NA,NA,NA,26,Fly,NA,NA,3,1673764.00534294_19996541.7941116,non-nesting
68,12/03/2019,10:19:00,1673764.01,19996541.8,Ponds,1,60,Cover,Human,NA,NA,NA,NA,48,Fly,NA,NA,3,1673764.01034294_19996541.8041116,non-nesting
69,12/03/2019,10:21:00,1673764.01,19996541.8,Ponds,2,90,Exposed,Human,10,52,Cover,NA,40,Fly,28,Fly,3,1673764.01034294_19996541.8041116,non-nesting
70,12/03/2019,11:06:00,1673764.04,19996541.78,Ponds,2,45,Cover,Human,NA,NA,NA,NA,27,Fly,NA,NA,3,1673764.04034294_19996541.7841116,non-nesting
71,12/03/2019,12:05:00,1673763.995,19996541.75,Ponds,2,60,Cover,Human,NA,NA,NA,NA,36,Fly,NA,NA,3,1673763.99534294_19996541.7541116,non-nesting
72,12/03/2019,12:07:00,1673763.995,19996541.75,Ponds,1,49,Cover,Human,NA,NA,NA,NA,43,Fly,NA,NA,3,1673763.99534294_19996541.7541116,non-nesting
73,12/03/2019,13:38:00,1673763.995,19996541.82,HDH,1,40,Exposed,Human,12,18,Cover,NA,8,Fly,16,Run,3,1673763.99534294_19996541.8191116,non-nesting
74,12/03/2019,14:06:00,1673764,19996541.84,Fields,3,97,Cover,Human,NA,NA,NA,NA,37,Fly,NA,NA,3,1673764.00034294_19996541.8391116,non-nesting
75,19/03/2019,8:34:00,1673764.045,19996541.75,Ponds,2,48,Cover,Human,NA,50,NA,NA,29,Fly,NA,NA,3,1673764.04534294_19996541.7541116,non-nesting
76,19/03/2019,8:52:00,1673764.045,19996541.75,Ponds,2,48,Cover,Human,NA,NA,NA,NA,16,Fly,NA,NA,3,1673764.04534294_19996541.7541116,non-nesting
77,19/03/2019,9:20:00,1673764.035,19996541.77,Ponds,2,59,Exposed,Human,100,135,Exposed,90,36,Fly,26,Fly,3,1673764.03534294_19996541.7741116,non-nesting
78,19/03/2019,10:13:00,1673764.035,19996541.77,Fields,1,75,Cover,Human,NA,NA,NA,NA,16,Fly,NA,NA,3,1673764.03534294_19996541.7691116,non-nesting
79,19/03/2019,10:34:00,1673764.035,19996541.77,Fields,1,35,NA,Human,NA,NA,NA,NA,34,Fly,NA,NA,3,1673764.03534294_19996541.7691116,non-nesting
80,19/03/2019,12:29:00,1673763.97,19996541.77,HDH,1,48,Exposed,Human,21,33,Exposed,37,16,Fly,25,Fly,3,1673763.97034294_19996541.7691116,non-nesting
81,19/03/2019,13:00:00,1673763.995,19996541.75,Ponds,2,60,Exposed,Human,10,58,Cover,NA,48,Fly,34,Fly,3,1673763.99534294_19996541.7541116,non-nesting
82,19/03/2019,13:05:00,1673763.995,19996541.75,Ponds,1,62,Cover,Human,NA,NA,NA,NA,39,Fly,NA,NA,3,1673763.99534294_19996541.7541116,non-nesting
83,19/03/2019,15:18:00,1673764.01,19996541.79,Ponds,2,80,Exposed,Human,30,62,Cover,NA,37,Fly,40,Fly,3,1673764.01034294_19996541.7941116,non-nesting
84,19/03/2019,15:30:00,1673764.005,19996541.79,Fields,2,100,Cover,Human,NA,NA,NA,NA,44,Fly,NA,NA,3,1673764.00534294_19996541.7941116,non-nesting
85,19/03/2019,16:02:00,1673763.975,19996541.8,HDH,2,91,Cover,Human,NA,NA,NA,NA,22,Fly,NA,NA,3,1673763.97534294_19996541.7991116,non-nesting
86,02/04/2019,8:32:00,1673764.045,19996541.75,Ponds,1,56,Exposed,Human,85,60,Exposed,70,25,Fly,25,Fly,4,1673764.04534294_19996541.7541116,Nesting
87,02/04/2019,8:38:00,1673764.045,19996541.75,Ponds,2,37,Exposed,Human,NA,23,Exposed,NA,14,Fly,6,Fly,4,1673764.04534294_19996541.7541116,Nesting
88,02/04/2019,9:21:00,1673764.045,19996541.76,Ponds,2,65,Exposed,Human,NA,50,Cover,NA,53,Fly,32,Fly,4,1673764.04534294_19996541.7591116,Nesting
89,02/04/2019,9:34:00,1673764.05,19996541.76,Ponds,4,105,NA,Human,NA,NA,NA,NA,38,Fly,NA,NA,4,1673764.05034294_19996541.7591116,Nesting
90,02/04/2019,10:45:00,1673764.03,19996541.76,HDH,1,42,Cover,Human,NA,NA,NA,NA,42,Fly,NA,NA,4,1673764.03034294_19996541.7641116,Nesting
91,02/04/2019,11:39:00,1673764.04,19996541.78,Ponds,2,68,NA,Human,NA,NA,NA,NA,45,Fly,NA,NA,4,1673764.04034294_19996541.7791116,Nesting
92,02/04/2019,11:45:00,1673764.04,19996541.77,Ponds,1,66,Cover,Human,NA,NA,NA,NA,38,Fly,NA,NA,4,1673764.04034294_19996541.7741116,Nesting
93,02/04/2019,11:50:00,1673764.045,19996541.77,Ponds,1,65,Exposed,Human,138,138,NA,147,37,Fly,38,Fly,4,1673764.04534294_19996541.7741116,Nesting
94,02/04/2019,11:58:00,1673764.045,19996541.78,Ponds,2,66,Exposed,Human,87,50,Exposed,93,31,Fly,30,Fly,4,1673764.04534294_19996541.7791116,Nesting
95,02/04/2019,12:24:00,1673764.06,19996541.77,Ponds,2,74,Exposed,Human,NA,NA,NA,NA,27,Fly,NA,NA,4,1673764.06034294_19996541.7741116,Nesting
96,02/04/2019,12:51:00,1673764.07,19996541.78,Ponds,1,43,Exposed,Human,15,NA,NA,NA,39,Run,NA,NA,4,1673764.07034294_19996541.7791116,Nesting
97,02/04/2019,13:06:00,1673764.065,19996541.78,Ponds,2,40,Cover,Human,NA,NA,NA,NA,34,Fly,NA,NA,4,1673764.06534294_19996541.7841116,Nesting
98,02/04/2019,13:13:00,1673764.065,19996541.78,Ponds,1,52,Cover,Human,NA,NA,NA,NA,34,Fly,NA,NA,4,1673764.06534294_19996541.7791116,Nesting
99,02/04/2019,13:15:00,1673764.065,19996541.78,Ponds,1,56,Cover,Human,NA,NA,NA,NA,26,Fly,NA,NA,4,1673764.06534294_19996541.7791116,Nesting
100,02/04/2019,13:18:00,1673764.065,19996541.78,Ponds,1,54,Exposed,Human,10,63,Cover,NA,38,Fly,45,Fly,4,1673764.06534294_19996541.7791116,Nesting
101,02/04/2019,13:33:00,1673764.055,19996541.79,Fields,1,124,Cover,Human,NA,NA,NA,NA,18,Fly,NA,NA,4,1673764.05534294_19996541.7941116,Nesting
102,02/04/2019,13:54:00,1673764.04,19996541.8,HDH,1,56,Exposed,Human,5,NA,NA,NA,16,Run,NA,NA,4,1673764.04034294_19996541.7991116,Nesting
103,02/04/2019,14:06:00,1673764.04,19996541.79,HDH,2,42,NA,Human,NA,NA,NA,NA,10,Fly,NA,NA,4,1673764.04034294_19996541.7941116,Nesting
104,02/04/2019,14:31:00,1673764.04,19996541.79,HDH,1,61,Cover,Human,NA,NA,NA,NA,12,Fly,NA,NA,4,1673764.04034294_19996541.7941116,Nesting
105,02/04/2019,14:47:00,1673764.05,19996541.79,HDH,2,31,Cover,Human,NA,NA,NA,NA,16,Fly,NA,NA,4,1673764.05034294_19996541.7941116,Nesting
106,02/04/2019,14:54:00,1673764.045,19996541.79,Fields,1,37,NA,Human,NA,NA,NA,NA,28,Fly,NA,NA,4,1673764.04534294_19996541.7891116,Nesting
107,02/04/2019,14:59:00,1673764.045,19996541.79,Fields,2,91,Exposed,Human,30,70,Exposed,30,36,Fly,22,Fly,4,1673764.04534294_19996541.7891116,Nesting
108,02/04/2019,15:39:00,1673763.955,19996541.86,Fields,2,64,Cover,Human,NA,NA,NA,NA,23,Fly,NA,NA,4,1673763.95534294_19996541.8591116,Nesting
109,02/04/2019,15:51:00,1673763.97,19996541.82,HDH,2,45,Exposed,Human,20,43,Exposed,20,31,Run,27,Fly,4,1673763.97034294_19996541.8241116,Nesting
110,02/04/2019,16:06:00,1673763.965,19996541.81,HDH,1,55,Exposed,Human,10,41,Exposed,NA,19,Fly,27,Fly,4,1673763.96534294_19996541.8141116,Nesting
111,02/04/2019,16:38:00,1673763.97,19996541.8,HDH,2,40,Cover,Human,NA,NA,NA,NA,27,Fly,NA,NA,4,1673763.97034294_19996541.7991116,Nesting
112,02/04/2019,17:26:00,1673763.97,19996541.77,Fields,2,41,Exposed,Human,10,48,Cover,NA,27,Fly,29,Fly,4,1673763.97034294_19996541.7691116,Nesting
113,08/04/2019,10:26:00,1673764.045,19996541.79,Fields,1,105,Exposed,Human,NA,96,Cover,NA,70,Fly,55,Fly,4,1673764.04534294_19996541.7891116,Nesting
114,08/04/2019,10:35:00,1673764.045,19996541.79,Fields,1,37,Cover,Human,NA,NA,NA,NA,27,Fly,NA,NA,4,1673764.04534294_19996541.7891116,Nesting
115,08/04/2019,10:37:00,1673764.045,19996541.79,Fields,1,29,Cover,Human,NA,NA,NA,NA,21,Fly,NA,NA,4,1673764.04534294_19996541.7891116,Nesting
116,08/04/2019,10:39:00,1673764.045,19996541.79,Fields,1,43,Cover,Human,NA,NA,NA,NA,25,Fly,NA,NA,4,1673764.04534294_19996541.7891116,Nesting
117,08/04/2019,10:44:00,1673764.05,19996541.79,Fields,1,45,Cover,Human,NA,NA,NA,NA,38,Fly,NA,NA,4,1673764.05034294_19996541.7891116,Nesting
118,08/04/2019,11:02:00,1673764.035,19996541.79,HDH,2,50,Exposed,Human,13,32,Cover,NA,19,Run,16,Fly,4,1673764.03534294_19996541.7941116,Nesting
119,08/04/2019,11:17:00,1673764.035,19996541.8,HDH,2,30,Exposed,Human,30,55,Exposed,NA,21,Fly,10,Run,4,1673764.03534294_19996541.7991116,Nesting
120,08/04/2019,11:32:00,1673764.04,19996541.8,HDH,1,52,Cover,Human,NA,NA,NA,NA,17,Fly,NA,NA,4,1673764.04034294_19996541.7991116,Nesting
121,08/04/2019,13:08:00,1673764,19996541.84,Fields,1,125,Exposed,Human,NA,NA,NA,NA,60,Fly,NA,NA,4,1673764.00034294_19996541.8391116,Nesting
122,08/04/2019,13:43:00,1673763.995,19996541.84,HDH,1,90,Exposed,Human,50,80,Cover,NA,27,Run,29,Fly,4,1673763.99534294_19996541.8391116,Nesting
123,08/04/2019,14:08:00,1673763.99,19996541.84,HDH,2,49,NA,Human,NA,NA,NA,NA,31,Fly,NA,NA,4,1673763.99034294_19996541.8441116,Nesting
124,08/04/2019,14:23:00,1673763.995,19996541.84,HDH,1,80,Cover,Human,12,NA,NA,NA,15,Run,NA,NA,4,1673763.99534294_19996541.8391116,Nesting
125,08/04/2019,15:23:00,1673763.995,19996541.82,HDH,2,40,Cover,Human,NA,NA,NA,NA,24,Run,NA,NA,4,1673763.99534294_19996541.8191116,Nesting
126,08/04/2019,15:27:00,1673763.995,19996541.82,HDH,2,53,Cover,Human,NA,NA,NA,NA,14,Fly,NA,NA,4,1673763.99534294_19996541.8191116,Nesting
127,08/04/2019,15:30:00,1673763.995,19996541.82,HDH,2,53,Cover,Human,NA,NA,NA,NA,23,Fly,NA,NA,4,1673763.99534294_19996541.8191116,Nesting
128,14/04/2019,13:34:00,1673764.04,19996541.75,Fields,5,91,Cover,Human,NA,NA,NA,NA,34,Fly,NA,NA,4,1673764.04034294_19996541.7541116,Nesting
129,18/04/2019,13:04:00,1673763.955,19996541.8,HDH,1,76,Exposed,Human,14,NA,Exposed,NA,11,Fly,13,Run,4,1673763.95534294_19996541.8041116,Nesting
130,18/04/2019,15:45:00,1673764.045,19996541.79,HDH,1,64,Cover,Human,28,NA,NA,NA,25,Fly,NA,NA,4,1673764.04534294_19996541.7891116,Nesting
131,18/04/2019,15:52:00,1673764.045,19996541.79,Fields,2,123,Cover,Human,200,NA,NA,NA,59,Fly,NA,NA,4,1673764.04534294_19996541.7891116,Nesting
132,18/04/2019,16:29:00,1673764.035,19996541.77,Fields,2,75,Cover,Human,60,NA,NA,NA,27,Fly,NA,NA,4,1673764.03534294_19996541.7691116,Nesting
133,21/04/2019,8:47:00,1673764.035,19996541.77,HDH,2,50,NA,Human,80,80,NA,NA,20,Run,NA,NA,4,1673764.03534294_19996541.7691116,Nesting
134,21/04/2019,9:20:00,1673764.04,19996541.76,Fields,4,84,Cover,Human,179,NA,NA,NA,25,Fly,NA,NA,4,1673764.04034294_19996541.7591116,Nesting
135,21/04/2019,11:00:00,1673763.995,19996541.75,Ponds,1,128,Cover,Human,91,NA,NA,NA,47,Fly,NA,NA,4,1673763.99534294_19996541.7541116,Nesting
136,21/04/2019,12:20:00,1673763.99,19996541.79,Fields,NA,37,NA,Human,NA,NA,NA,NA,NA,NA,NA,NA,4,1673763.99034294_19996541.7891116,Nesting
137,21/04/2019,12:24:00,1673763.99,19996541.79,Fields,1,63,Cover,Human,170,NA,NA,NA,32,Fly,NA,NA,4,1673763.99034294_19996541.7891116,Nesting
138,21/04/2019,12:34:00,1673763.99,19996541.79,Fields,1,74,Cover,Human,NA,NA,NA,NA,35,Fly,NA,NA,4,1673763.99034294_19996541.7941116,Nesting
139,21/04/2019,13:29:00,1673763.97,19996541.82,HDH,1,47,Exposed,Human,80,80,Exposed,70,22,Fly,24,Fly,4,1673763.97034294_19996541.8241116,Nesting
140,21/04/2019,13:43:00,1673763.965,19996541.82,HDH,2,88,Cover,Human,56,NA,NA,NA,25,Fly,NA,NA,4,1673763.96534294_19996541.8191116,Nesting
141,21/04/2019,14:13:00,1673763.96,19996541.82,HDH,1,31,Exposed,Human,25,21,Exposed,38,16,Fly,25,Fly,4,1673763.96034294_19996541.8191116,Nesting
142,21/04/2019,15:18:00,1673763.98,19996541.83,Fields,3,69,Cover,Human,68,NA,NA,NA,58,Fly,NA,NA,4,1673763.98034294_19996541.8341116,Nesting
143,21/04/2019,15:31:00,1673763.975,19996541.84,Fields,1,58,Cover,Human,NA,NA,NA,NA,18,Fly,NA,NA,4,1673763.97534294_19996541.8391116,Nesting
144,21/04/2019,16:12:00,1673763.99,19996541.84,HDH,1,24,NA,Human,NA,NA,NA,NA,17,Fly,NA,NA,4,1673763.99034294_19996541.8391116,Nesting
145,21/04/2019,16:18:00,1673763.985,19996541.84,HDH,2,84,NA,Human,NA,NA,NA,NA,41,Fly,NA,NA,4,1673763.98534294_19996541.8391116,Nesting
146,24/04/2019,12:29:00,1673764.065,19996541.77,Ponds,1,73,Cover,Human,66,NA,NA,NA,15,Fly,NA,NA,4,1673764.06534294_19996541.7741116,Nesting
147,24/04/2019,12:31:00,1673764.065,19996541.77,Ponds,1,112,NA,Human,NA,50,NA,NA,55,Fly,NA,NA,4,1673764.06534294_19996541.7741116,Nesting
148,24/04/2019,12:58:00,1673764.07,19996541.78,Ponds,1,54,Cover,Human,84,NA,NA,NA,46,Fly,NA,NA,4,1673764.07034294_19996541.7791116,Nesting
149,07/05/2019,11:03:00,1673763.955,19996541.82,HDH,3,53,Exposed,Human,46,46,Cover,56,22,Fly,18,Fly,5,1673763.95534294_19996541.8191116,Nesting
150,07/05/2019,11:07:00,1673763.955,19996541.82,HDH,1,100,Cover,Human,20,NA,NA,NA,19,Fly,NA,NA,5,1673763.95534294_19996541.8191116,Nesting
151,07/05/2019,11:40:00,1673763.99,19996541.79,HDH,1,85,Exposed,Human,43,43,Exposed,35,12,Fly,11,Fly,5,1673763.99034294_19996541.7891116,Nesting
152,07/05/2019,11:57:00,1673763.98,19996541.77,Ponds,1,155,Cover,Human,NA,NA,NA,NA,84,Fly,NA,NA,5,1673763.98034294_19996541.7741116,Nesting
153,07/05/2019,12:40:00,1673764.035,19996541.75,Fields,2,92,Cover,Human,33,NA,NA,NA,43,Fly,NA,NA,5,1673764.03534294_19996541.7491116,Nesting
154,07/05/2019,14:21:00,1673764.045,19996541.77,Ponds,1,100,Cover,Human,140,NA,NA,NA,46,Fly,NA,NA,5,1673764.04534294_19996541.7741116,Nesting
155,07/05/2019,14:49:00,1673764.055,19996541.77,Ponds,1,65,Cover,Human,41,NA,NA,NA,23,Fly,NA,NA,5,1673764.05534294_19996541.7741116,Nesting
156,07/05/2019,15:19:00,1673764.07,19996541.78,Ponds,1,71,Cover,Human,140,NA,NA,NA,46,Fly,NA,NA,5,1673764.07034294_19996541.7791116,Nesting
157,07/05/2019,15:28:00,1673764.055,19996541.78,Ponds,1,101,Cover,Human,66,NA,NA,NA,73,Fly,NA,NA,5,1673764.05534294_19996541.7841116,Nesting
158,07/05/2019,15:55:00,1673764.04,19996541.8,Fields,2,80,Cover,Human,70,NA,NA,NA,40,Fly,NA,NA,5,1673764.04034294_19996541.7991116,Nesting
159,07/05/2019,16:04:00,1673764.035,19996541.79,Fields,1,53,Cover,Human,80,NA,NA,NA,24,Fly,NA,NA,5,1673764.03534294_19996541.7891116,Nesting
160,07/05/2019,16:09:00,1673764.035,19996541.78,Ponds,1,60,Cover,Human,67,NA,NA,NA,40,Run,NA,NA,5,1673764.03534294_19996541.7841116,Nesting
161,07/05/2019,16:13:00,1673764.035,19996541.78,Ponds,1,43,Exposed,Human,80,80,Cover,140,22,Fly,19,Fly,5,1673764.03534294_19996541.7841116,Nesting
162,07/05/2019,16:16:00,1673764.035,19996541.78,Ponds,1,45,Cover,Human,150,NA,NA,NA,42,Fly,NA,NA,5,1673764.03534294_19996541.7841116,Nesting
163,07/05/2019,16:17:00,1673764.035,19996541.78,Ponds,2,121,Cover,Human,50,NA,NA,NA,56,Fly,NA,NA,5,1673764.03534294_19996541.7841116,Nesting
164,07/05/2019,16:19:00,1673764.035,19996541.78,Ponds,2,28,Exposed,Human,27,NA,NA,NA,16,Fly,NA,NA,5,1673764.03534294_19996541.7841116,Nesting
165,07/05/2019,16:44:00,1673764.04,19996541.77,HDH,2,42,Exposed,Human,69,69,Exposed,NA,24,Fly,31,Fly,5,1673764.04034294_19996541.7691116,Nesting
166,16/05/2019,10:24:00,1673763.955,19996541.8,Fields,1,80,Cover,Human,46,NA,NA,NA,15,Run,NA,NA,5,1673763.95534294_19996541.8041116,Nesting
167,16/05/2019,11:34:00,1673764.015,19996541.81,HDH,2,37,Exposed,Human,100,0,NA,NA,14,Fly,NA,NA,5,1673764.01534294_19996541.8091116,Nesting
168,16/05/2019,11:40:00,1673764.015,19996541.81,HDH,2,94,Cover,Human,71,NA,NA,NA,7,Fly,NA,NA,5,1673764.01534294_19996541.8091116,Nesting
169,16/05/2019,11:47:00,1673764.01,19996541.81,HDH,2,48,Cover,Human,45,NA,NA,NA,35,Run,NA,NA,5,1673764.01034294_19996541.8141116,Nesting
170,16/05/2019,12:41:00,1673764.015,19996541.8,HDH,2,30,Exposed,Human,28,28,Exposed,27,16,Run,20,Fly,5,1673764.01534294_19996541.8041116,Nesting
171,16/05/2019,13:01:00,1673764.01,19996541.8,Fields,1,39,Exposed,Human,124,124,Cover,100,26,Fly,45,Fly,5,1673764.01034294_19996541.7991116,Nesting
172,16/05/2019,13:20:00,1673764.01,19996541.79,Ponds,1,38,Exposed,Human,44,44,Exposed,141,27,Fly,20,Fly,5,1673764.01034294_19996541.7941116,Nesting
173,16/05/2019,13:27:00,1673764.01,19996541.79,Ponds,1,80,Exposed,Human,187,NA,NA,NA,33,Fly,NA,NA,5,1673764.01034294_19996541.7941116,Nesting
174,16/05/2019,13:38:00,1673764.005,19996541.79,Ponds,2,35,Cover,Human,70,NA,NA,NA,20,Fly,NA,NA,5,1673764.00534294_19996541.7941116,Nesting
175,16/05/2019,13:57:00,1673764.025,19996541.78,Fields,1,69,Cover,Human,200,NA,NA,NA,23,Fly,NA,NA,5,1673764.02534294_19996541.7791116,Nesting
176,16/05/2019,15:34:00,1673764.04,19996541.77,HDH,2,49,Cover,Human,60,NA,NA,NA,31,Fly,NA,NA,5,1673764.04034294_19996541.7691116,Nesting
177,16/05/2019,15:45:00,1673764.045,19996541.78,Ponds,2,70,Exposed,Human,120,120,Exposed,70,53,Fly,40,Fly,5,1673764.04534294_19996541.7791116,Nesting
178,16/05/2019,15:58:00,1673764.04,19996541.77,Ponds,1,100,Cover,Human,60,NA,NA,NA,27,Fly,NA,NA,5,1673764.04034294_19996541.7741116,Nesting
179,16/05/2019,16:24:00,1673763.995,19996541.81,HDH,1,50,Exposed,Human,30,20,Cover,NA,7,Fly,10,Fly,5,1673763.99534294_19996541.8141116,Nesting
180,16/05/2019,16:36:00,1673763.995,19996541.81,HDH,1,53,Exposed,Human,33,33,Cover,80,12,Fly,22,Fly,5,1673763.99534294_19996541.8141116,Nesting
181,16/05/2019,16:47:00,1673764,19996541.82,Fields,1,45,Exposed,Human,44,44,Exposed,29,31,Fly,20,Fly,5,1673764.00034294_19996541.8241116,Nesting
182,16/05/2019,17:19:00,1673763.995,19996541.83,HDH,1,51,Exposed,Human,22,22,Exposed,NA,13,Run,27,Fly,5,1673763.99534294_19996541.8341116,Nesting
183,16/05/2019,17:31:00,1673764,19996541.84,HDH,1,103,Cover,Human,50,NA,NA,NA,37,Fly,NA,NA,5,1673764.00034294_19996541.8391116,Nesting
184,19/05/2019,11:23:00,1673763.995,19996541.81,Ponds,1,71,Exposed,Human,57,57,Cover,170,50,Fly,19,Fly,5,1673763.99534294_19996541.8141116,Nesting
185,19/05/2019,11:37:00,1673764.005,19996541.81,Ponds,1,66,Cover,Human,100,NA,NA,NA,23,Fly,NA,NA,5,1673764.00534294_19996541.8091116,Nesting
186,19/05/2019,11:44:00,1673764.005,19996541.81,Ponds,1,77,Exposed,Human,48,48,Exposed,46,32,Fly,25,Fly,5,1673764.00534294_19996541.8091116,Nesting
187,19/05/2019,11:48:00,1673764.005,19996541.81,Ponds,1,38,Exposed,Human,48,48,Cover,49,16,Run,16,Fly,5,1673764.00534294_19996541.8091116,Nesting
188,19/05/2019,11:56:00,1673764.005,19996541.81,Ponds,2,120,Cover,Human,153,NA,NA,NA,42,Fly,NA,NA,5,1673764.00534294_19996541.8091116,Nesting
189,19/05/2019,12:04:00,1673764.005,19996541.8,Ponds,2,91,Exposed,Human,56,56,Cover,107,40,Fly,25,Fly,5,1673764.00534294_19996541.8041116,Nesting
190,19/05/2019,12:14:00,1673764.005,19996541.8,Ponds,1,56,Exposed,Human,60,60,Exposed,32,34,Fly,31,Fly,5,1673764.00534294_19996541.8041116,Nesting
191,19/05/2019,13:54:00,1673763.96,19996541.82,Fields,1,62,Exposed,Human,29,29,Exposed,23,46,Run,18,Fly,5,1673763.96034294_19996541.8191116,Nesting
192,19/05/2019,15:28:00,1673763.985,19996541.81,HDH,1,69,Exposed,Human,59,59,Cover,50,52,Fly,38,Fly,5,1673763.98534294_19996541.8091116,Nesting
193,19/05/2019,16:05:00,1673763.95,19996541.88,Ponds,16,48,Cover,Human,50,NA,NA,NA,24,Fly,NA,NA,5,1673763.95034294_19996541.8791116,Nesting
194,19/05/2019,16:31:00,1673763.955,19996541.86,Ponds,1,100,Cover,Human,46,NA,NA,NA,32,Fly,NA,NA,5,1673763.95534294_19996541.8591116,Nesting
195,19/05/2019,16:34:00,1673763.955,19996541.86,Ponds,3,56,Exposed,Human,71,71,Cover,43,52,Fly,45,Fly,5,1673763.95534294_19996541.8641116,Nesting
196,19/05/2019,16:41:00,1673763.955,19996541.86,Ponds,2,130,Exposed,Human,80,80,Exposed,46,50,Fly,78,Run,5,1673763.95534294_19996541.8641116,Nesting
197,19/05/2019,16:45:00,1673763.955,19996541.86,Ponds,1,52,Cover,Human,92,NA,NA,NA,27,Fly,NA,NA,5,1673763.95534294_19996541.8641116,Nesting
198,19/05/2019,16:50:00,1673763.95,19996541.87,Ponds,2,120,Exposed,Human,NA,NA,NA,NA,42,Fly,NA,NA,5,1673763.95034294_19996541.8691116,Nesting
199,28/05/2019,9:21:00,1673764.045,19996541.75,Fields,2,38,Exposed,Human,65,65,Exposed,55,25,Fly,21,Fly,5,1673764.04534294_19996541.7491116,Nesting
200,28/05/2019,14:11:00,1673764.045,19996541.75,Fields,1,41,Cover,Human,44,NA,NA,NA,37,Fly,NA,NA,5,1673764.04534294_19996541.7541116,Nesting
201,28/05/2019,14:18:00,1673764.045,19996541.75,Fields,2,72,Cover,Human,56,NA,NA,NA,35,Fly,NA,NA,5,1673764.04534294_19996541.7541116,Nesting
202,28/05/2019,15:24:00,1673763.995,19996541.84,HDH,1,51,Cover,Human,11,NA,NA,NA,24,Fly,NA,NA,5,1673763.99534294_19996541.8391116,Nesting
203,28/05/2019,15:33:00,1673764,19996541.84,HDH,1,101,Cover,Human,28,NA,NA,NA,20,Fly,NA,NA,5,1673764.00034294_19996541.8441116,Nesting
204,03/06/2019,9:29:00,1673763.99,19996541.84,HDH,2,59,Cover,Human,NA,NA,NA,NA,21,Fly,NA,NA,6,1673763.99034294_19996541.8391116,Nesting
205,03/06/2019,9:35:00,1673763.99,19996541.84,HDH,3,37,Exposed,Human,36,36,Exposed,71,16,Fly,27,Fly,6,1673763.99034294_19996541.8391116,Nesting
206,03/06/2019,9:44:00,1673763.99,19996541.84,HDH,2,44,Cover,Human,NA,NA,NA,NA,6,Run,NA,NA,6,1673763.99034294_19996541.8441116,Nesting
207,03/06/2019,10:14:00,1673763.995,19996541.84,Fields,1,46,Exposed,Human,114,114,NA,90,29,Fly,32,Fly,6,1673763.99534294_19996541.8441116,Nesting
208,03/06/2019,10:25:00,1673763.995,19996541.84,Fields,1,100,Exposed,Human,97,97,Exposed,100,52,Fly,41,Fly,6,1673763.99534294_19996541.8441116,Nesting
209,03/06/2019,10:45:00,1673764,19996541.84,Fields,3,34,Cover,Human,18,NA,NA,NA,30,Fly,NA,NA,6,1673764.00034294_19996541.8441116,Nesting
210,03/06/2019,10:52:00,1673763.995,19996541.84,Fields,1,38,Cover,Human,64,NA,NA,NA,26,Fly,NA,NA,6,1673763.99534294_19996541.8391116,Nesting
211,03/06/2019,11:09:00,1673763.98,19996541.83,Fields,1,59,Cover,Human,116,NA,NA,NA,54,Fly,NA,NA,6,1673763.98034294_19996541.8341116,Nesting
212,03/06/2019,11:50:00,1673763.975,19996541.81,HDH,1,54,Exposed,Human,22,22,Exposed,24,17,Run,16,Run,6,1673763.97534294_19996541.8141116,Nesting
213,03/06/2019,13:21:00,1673764.05,19996541.75,Fields,2,43,Exposed,Human,68,68,Exposed,37,41,Fly,50,Fly,6,1673764.05034294_19996541.7491116,Nesting
214,03/06/2019,13:34:00,1673764.04,19996541.75,Fields,1,48,Cover,Human,50,NA,NA,NA,33,Fly,NA,NA,6,1673764.04034294_19996541.7491116,Nesting
215,10/10/2019,15:42:00,1673764.06,19996541.77,Fields,2,60,Cover,Jack-Truck,NA,NA,Cover,NA,16,Run,NA,NA,10,1673764.06034294_19996541.7741116,non-nesting
216,19/11/2019,8:49:00,1673764.035,19996541.76,HDH,2,41,Exposed,Jack-Truck,NA,NA,NA,NA,41,Run,NA,NA,11,1673764.03534294_19996541.7641116,non-nesting
217,19/11/2019,9:18:00,1673764.045,19996541.75,Ponds,2,48,Exposed,Jack-Truck,79,79,Cover,NA,18,Fly,69,Fly,11,1673764.04534294_19996541.7541116,non-nesting
218,19/11/2019,9:34:00,1673764.045,19996541.76,Ponds,6,94,Exposed,Jack-Truck,73,73,Cover,NA,49,Run,30,Fly,11,1673764.04534294_19996541.7591116,non-nesting
219,19/11/2019,11:55:00,1673764.055,19996541.78,Ponds,2,60,Cover,Jack-Truck,NA,NA,NA,NA,37,Fly,NA,NA,11,1673764.05534294_19996541.7841116,non-nesting
220,19/11/2019,12:04:00,1673764.055,19996541.78,Ponds,2,50,Cover,Jack-Truck,NA,NA,NA,NA,28,Fly,NA,NA,11,1673764.05534294_19996541.7841116,non-nesting
221,19/11/2019,12:11:00,1673764.06,19996541.78,Ponds,5,48,Exposed,Jack-Truck,58,58,Cover,NA,22,Fly,7,Fly,11,1673764.06034294_19996541.7791116,non-nesting
222,19/11/2019,12:28:00,1673764.055,19996541.78,Ponds,2,49,NA,Jack-Truck,NA,NA,NA,NA,30,Fly,NA,NA,11,1673764.05534294_19996541.7791116,non-nesting
223,19/11/2019,12:35:00,1673764.055,19996541.78,Ponds,2,67,Cover,Jack-Truck,NA,NA,NA,NA,27,Fly,NA,NA,11,1673764.05534294_19996541.7791116,non-nesting
224,19/11/2019,12:41:00,1673764.055,19996541.78,Ponds,2,49,Cover,Jack-Truck,NA,NA,NA,NA,27,Fly,NA,NA,11,1673764.05534294_19996541.7791116,non-nesting
225,19/11/2019,13:02:00,1673764.045,19996541.79,HDH,2,81,Cover,Jack-Truck,NA,NA,NA,NA,29,Fly,NA,NA,11,1673764.04534294_19996541.7941116,non-nesting
226,19/11/2019,13:14:00,1673764.04,19996541.8,HDH,1,53,Exposed,Jack-Truck,NA,NA,NA,NA,19,Run,NA,NA,11,1673764.04034294_19996541.7991116,non-nesting
227,19/11/2019,13:38:00,1673764.03,19996541.79,Ponds,2,61,Exposed,Jack-Truck,NA,NA,Cover,NA,16,Fly,NA,NA,11,1673764.03034294_19996541.7891116,non-nesting
228,19/11/2019,13:52:00,1673764.03,19996541.79,Ponds,2,75,Cover,Jack-Truck,NA,NA,NA,NA,16,Fly,NA,NA,11,1673764.03034294_19996541.7891116,non-nesting
229,19/11/2019,16:02:00,1673764,19996541.83,Fields,1,86,Cover,Jack-Truck,NA,NA,NA,NA,53,Fly,NA,NA,11,1673764.00034294_19996541.8341116,non-nesting
230,19/11/2019,16:08:00,1673764,19996541.83,Fields,1,77,Cover,Jack-Truck,NA,NA,NA,NA,8,Fly,NA,NA,11,1673764.00034294_19996541.8341116,non-nesting
231,19/11/2019,16:09:00,1673764,19996541.83,Fields,1,80,Cover,Jack-Truck,NA,NA,NA,NA,11,Fly,NA,NA,11,1673764.00034294_19996541.8341116,non-nesting
232,03/12/2019,9:29:00,1673764.035,19996541.76,HDH,2,135,Exposed,Jack-Truck,11,NA,Exposed,NA,35,Run,0,Fly,12,1673764.03534294_19996541.7641116,non-nesting
233,03/12/2019,9:44:00,1673764.035,19996541.76,HDH,2,66,Cover,Jack-Truck,37,NA,Exposed,NA,9,Fly,NA,NA,12,1673764.03534294_19996541.7641116,non-nesting
234,03/12/2019,10:40:00,1673764.045,19996541.79,Fields,1,80,Exposed,Jack-Truck,75,75,Exposed,NA,32,Run,43,Run,12,1673764.04534294_19996541.7891116,non-nesting
235,03/12/2019,10:49:00,1673764.045,19996541.79,Fields,5,61,Exposed,Jack-Truck,64,64,Exposed,NA,42,Fly,31,Run,12,1673764.04534294_19996541.7891116,non-nesting
236,03/12/2019,11:25:00,1673764.035,19996541.78,Ponds,2,109,Cover,Jack-Truck,NA,NA,NA,NA,29,Fly,NA,NA,12,1673764.03534294_19996541.7841116,non-nesting
237,03/12/2019,11:40:00,1673764.035,19996541.78,Ponds,3,59,Cover,Jack-Truck,49,NA,NA,NA,15,Fly,NA,NA,12,1673764.03534294_19996541.7841116,non-nesting
238,03/12/2019,12:09:00,1673764.025,19996541.79,Ponds,2,55,Cover,Jack-Truck,NA,NA,NA,NA,13,Fly,NA,NA,12,1673764.02534294_19996541.7891116,non-nesting
239,03/12/2019,12:44:00,1673764.01,19996541.81,Fields,1,65,Exposed,Jack-Truck,21,21,Exposed,NA,28,Run,15,Fly,12,1673764.01034294_19996541.8141116,non-nesting
240,03/12/2019,14:25:00,1673764.015,19996541.81,HDH,1,32,Cover,Jack-Truck,NA,NA,NA,NA,8,Fly,NA,NA,12,1673764.01534294_19996541.8091116,non-nesting
241,03/12/2019,14:41:00,1673764.01,19996541.81,HDH,1,56,Cover,Jack-Truck,NA,NA,NA,NA,19,Fly,NA,NA,12,1673764.01034294_19996541.8091116,non-nesting
242,03/12/2019,14:49:00,1673764.01,19996541.81,HDH,2,50,Cover,Jack-Truck,NA,NA,NA,NA,38,Fly,NA,NA,12,1673764.01034294_19996541.8091116,non-nesting
243,03/12/2019,14:57:00,1673764.015,19996541.8,HDH,1,42,Cover,Jack-Truck,NA,NA,NA,NA,24,Fly,NA,NA,12,1673764.01534294_19996541.8041116,non-nesting
244,03/12/2019,16:04:00,1673764.05,19996541.79,Fields,3,51,Exposed,Jack-Truck,NA,NA,NA,NA,28,Fly,NA,NA,12,1673764.05034294_19996541.7891116,non-nesting
245,17/12/2019,9:58:00,1673763.995,19996541.81,Ponds,2,69,Cover,Jack-Truck,NA,NA,NA,NA,25,Fly,NA,NA,12,1673763.99534294_19996541.8091116,non-nesting
246,17/12/2019,10:09:00,1673764,19996541.81,Ponds,8,80,Exposed,Jack-Truck,76,76,Cover,NA,30,Fly,16,Fly,12,1673764.00034294_19996541.8091116,non-nesting
247,17/12/2019,10:30:00,1673763.995,19996541.81,Ponds,4,48,Cover,Jack-Truck,NA,NA,NA,NA,11,Fly,NA,NA,12,1673763.99534294_19996541.8141116,non-nesting
248,17/12/2019,11:05:00,1673764.04,19996541.78,Ponds,2,50,Exposed,Jack-Truck,30,30,Cover,NA,19,Fly,14,Fly,12,1673764.04034294_19996541.7841116,non-nesting
249,17/12/2019,11:17:00,1673764.04,19996541.79,Ponds,3,100,Cover,Jack-Truck,NA,NA,NA,NA,47,Fly,NA,NA,12,1673764.04034294_19996541.7891116,non-nesting
250,22/12/2019,9:33:00,1673763.985,19996541.84,Fields,2,53,Exposed,Jack-Truck,37,37,Exposed,NA,18,Run,22,Fly,12,1673763.98534294_19996541.8391116,non-nesting
251,22/12/2019,9:43:00,1673763.985,19996541.84,Fields,1,47,Exposed,Jack-Truck,54,54,Cover,NA,20,Fly,16,Fly,12,1673763.98534294_19996541.8441116,non-nesting
252,22/12/2019,10:13:00,1673763.995,19996541.85,Ponds,2,53,Cover,Jack-Truck,43,NA,NA,NA,8,Fly,NA,NA,12,1673763.99534294_19996541.8541116,non-nesting
253,22/12/2019,10:19:00,1673763.995,19996541.85,Ponds,4,70,Cover,Jack-Truck,31,NA,NA,NA,17,Fly,NA,NA,12,1673763.99534294_19996541.8541116,non-nesting
254,22/12/2019,10:28:00,1673764,19996541.85,Fields,1,83,Exposed,Jack-Truck,8,NA,Exposed,NA,-6,Fly,NA,NA,12,1673764.00034294_19996541.8491116,non-nesting
255,22/12/2019,10:38:00,1673764,19996541.85,Fields,1,64,Cover,Jack-Truck,NA,NA,NA,NA,21,Fly,NA,NA,12,1673764.00034294_19996541.8491116,non-nesting
256,22/12/2019,11:03:00,1673764.005,19996541.84,Fields,2,48,Cover,Jack-Truck,NA,NA,NA,NA,17,Fly,NA,NA,12,1673764.00534294_19996541.8391116,non-nesting
257,22/12/2019,11:32:00,1673763.99,19996541.84,HDH,2,54,Cover,Jack-Truck,NA,NA,NA,NA,16,Run,NA,NA,12,1673763.99034294_19996541.8391116,non-nesting
258,22/12/2019,11:39:00,1673763.99,19996541.84,HDH,2,50,Cover,Jack-Truck,NA,NA,NA,NA,5,Fly,NA,NA,12,1673763.99034294_19996541.8391116,non-nesting
259,22/12/2019,11:50:00,1673763.995,19996541.84,HDH,2,56,Cover,Jack-Truck,32,NA,NA,NA,17,Fly,NA,NA,12,1673763.99534294_19996541.8391116,non-nesting
260,22/12/2019,12:44:00,1673763.945,19996541.88,Ponds,34,84,Exposed,Jack-Truck,68,68,Cover,NA,25,Fly,47,Fly,12,1673763.94534294_19996541.8791116,non-nesting
261,22/12/2019,15:19:00,1673763.995,19996541.75,Fields,1,54,Cover,Jack-Truck,NA,NA,NA,NA,19,Fly,NA,NA,12,1673763.99534294_19996541.7541116,non-nesting
262,22/12/2019,15:57:00,1673764.035,19996541.76,HDH,2,36,Exposed,Jack-Truck,21,21,Cover,NA,9,Run,19,Run,12,1673764.03534294_19996541.7641116,non-nesting
263,05/01/2020,9:45:00,1673764.04,19996541.79,HDH,1,59,Exposed,Jack-Truck,36,NA,Cover,NA,15,Fly,18,Fly,1,1673764.04034294_19996541.7941116,non-nesting
264,16/01/2020,8:55:00,1673764.06,19996541.78,Ponds,2,48,Cover,Jack-Truck,NA,NA,NA,NA,25,Fly,NA,NA,1,1673764.06034294_19996541.7791116,non-nesting
265,16/01/2020,9:24:00,1673764.065,19996541.78,Ponds,2,47,Cover,Jack-Truck,NA,NA,NA,NA,24,Fly,NA,NA,1,1673764.06534294_19996541.7791116,non-nesting
266,16/01/2020,10:31:00,1673764.055,19996541.79,HDH,2,37,Exposed,Jack-Truck,25,NA,Cover,NA,10,Fly,10,Fly,1,1673764.05534294_19996541.7891116,non-nesting
267,16/01/2020,11:20:00,1673764.045,19996541.78,Ponds,16,85,Cover,Jack-Truck,NA,NA,NA,NA,48,Fly,NA,NA,1,1673764.04534294_19996541.7841116,non-nesting
268,16/01/2020,12:04:00,1673764.055,19996541.77,Ponds,2,66,Cover,Jack-Truck,NA,NA,NA,NA,24,Fly,NA,NA,1,1673764.05534294_19996541.7741116,non-nesting
269,16/01/2020,13:49:00,1673763.995,19996541.83,HDH,2,64,Exposed,Jack-Truck,29,NA,Cover,NA,13,Fly,17,Fly,1,1673763.99534294_19996541.8341116,non-nesting
270,30/01/2020,9:13:00,1673763.955,19996541.82,HDH,2,98,Exposed,Jack-Truck,45,NA,NA,NA,18,Fly,NA,NA,1,1673763.95534294_19996541.8191116,non-nesting
271,30/01/2020,9:28:00,1673763.96,19996541.82,HDH,2,59,Cover,Jack-Truck,33,NA,NA,NA,26,Fly,NA,NA,1,1673763.96034294_19996541.8191116,non-nesting
272,30/01/2020,10:06:00,1673763.97,19996541.83,HDH,1,96,Exposed,Jack-Truck,55,NA,Exposed,28,2,Fly,13,Fly,1,1673763.97034294_19996541.8291116,non-nesting
273,30/01/2020,10:57:00,1673763.98,19996541.83,Ponds,2,81,Cover,Jack-Truck,61,NA,NA,NA,40,Fly,NA,NA,1,1673763.98034294_19996541.8341116,non-nesting
274,30/01/2020,11:05:00,1673763.98,19996541.83,Ponds,5,80,NA,Jack-Truck,77,NA,NA,NA,18,Fly,NA,NA,1,1673763.98034294_19996541.8341116,non-nesting
275,30/01/2020,11:31:00,1673763.985,19996541.84,Ponds,2,46,Exposed,Jack-Truck,78,NA,Cover,273,24,Fly,31,Fly,1,1673763.98534294_19996541.8391116,non-nesting
276,30/01/2020,12:03:00,1673763.995,19996541.84,HDH,2,54,Exposed,Jack-Truck,NA,NA,Exposed,6,10,Run,6,Fly,1,1673763.99534294_19996541.8391116,non-nesting
277,30/01/2020,12:14:00,1673763.995,19996541.84,HDH,10,60,Exposed,Jack-Truck,44,NA,Exposed,NA,23,Fly,10,Fly,1,1673763.99534294_19996541.8391116,non-nesting
278,30/01/2020,12:28:00,1673763.99,19996541.84,HDH,1,57,Exposed,Jack-Truck,NA,NA,Exposed,40,10,Run,23,Fly,1,1673763.99034294_19996541.8391116,non-nesting
279,30/01/2020,13:37:00,1673763.99,19996541.83,Ponds,2,60,Exposed,Jack-Truck,42,NA,Cover,17,30,Fly,13,Fly,1,1673763.99034294_19996541.8291116,non-nesting
280,30/01/2020,14:06:00,1673763.99,19996541.83,Ponds,1,108,Cover,Jack-Truck,259,NA,NA,NA,40,Fly,NA,NA,1,1673763.99034294_19996541.8291116,non-nesting
281,30/01/2020,14:18:00,1673763.99,19996541.83,Fields,8,130,Exposed,Jack-Truck,NA,NA,NA,NA,20,Fly,NA,NA,1,1673763.99034294_19996541.8291116,non-nesting
282,30/01/2020,14:50:00,1673764.01,19996541.8,Ponds,2,57,Cover,Jack-Truck,NA,NA,NA,NA,25,Fly,NA,NA,1,1673764.01034294_19996541.8041116,non-nesting
283,30/01/2020,14:57:00,1673764.01,19996541.8,Ponds,2,98,Exposed,Jack-Truck,49,NA,Cover,NA,6,Fly,49,Fly,1,1673764.01034294_19996541.8041116,non-nesting
284,30/01/2020,15:14:00,1673764.005,19996541.8,Ponds,2,130,Cover,Jack-Truck,136,NA,NA,NA,55,Fly,NA,NA,1,1673764.00534294_19996541.8041116,non-nesting
285,30/01/2020,15:45:00,1673763.995,19996541.8,Ponds,2,85,Cover,Jack-Truck,114,NA,NA,NA,38,Fly,NA,NA,1,1673763.99534294_19996541.8041116,non-nesting
286,11/02/2020,10:53:00,1673763.99,19996541.79,Fields,2,55,Cover,Jack-Truck,194,NA,NA,NA,43,Fly,NA,NA,2,1673763.99034294_19996541.7941116,non-nesting
287,11/02/2020,10:59:00,1673763.99,19996541.79,Fields,1,48,Cover,Jack-Truck,106,NA,NA,NA,34,Fly,NA,NA,2,1673763.99034294_19996541.7941116,non-nesting
288,11/02/2020,11:03:00,1673763.99,19996541.79,Fields,2,88,Cover,Jack-Truck,NA,NA,NA,NA,40,Fly,NA,NA,2,1673763.99034294_19996541.7941116,non-nesting
289,11/02/2020,11:35:00,1673764.01,19996541.8,Fields,2,87,Exposed,Jack-Truck,26,NA,Exposed,45,12,Fly,27,Fly,2,1673764.01034294_19996541.7991116,non-nesting
290,11/02/2020,12:04:00,1673764.035,19996541.79,Fields,13,115,Cover,Jack-Truck,NA,NA,NA,NA,42,Fly,NA,NA,2,1673764.03534294_19996541.7941116,non-nesting
291,11/02/2020,12:19:00,1673764.03,19996541.79,Fields,4,70,Exposed,Jack-Truck,33,NA,NA,NA,20,Fly,14,Fly,2,1673764.03034294_19996541.7891116,non-nesting
292,11/02/2020,15:04:00,1673764.02,19996541.78,Ponds,2,79,Exposed,Jack-Truck,12,NA,Exposed,55,16,Fly,8,Fly,2,1673764.02034294_19996541.7841116,non-nesting
293,20/02/2020,12:39:00,1673763.97,19996541.84,Fields,2,65,Exposed,Jack-Truck,55,NA,NA,NA,22,Run,NA,NA,2,1673763.97034294_19996541.8391116,non-nesting
294,20/02/2020,13:20:00,1673764.005,19996541.8,Ponds,1,73,Cover,Jack-Truck,NA,NA,NA,NA,36,Run,NA,NA,2,1673764.00534294_19996541.8041116,non-nesting
295,20/02/2020,13:45:00,1673764.05,19996541.79,HDH,2,43,Exposed,Jack-Truck,NA,NA,Exposed,26,25,Run,13,Fly,2,1673764.05034294_19996541.7891116,non-nesting
296,20/02/2020,14:07:00,1673764.05,19996541.79,HDH,1,65,Cover,Jack-Truck,223,NA,NA,NA,6,Fly,NA,NA,2,1673764.05034294_19996541.7941116,non-nesting
297,20/02/2020,15:19:00,1673764.04,19996541.79,HDH,2,46,Cover,Jack-Truck,NA,NA,NA,NA,12,Fly,NA,NA,2,1673764.04034294_19996541.7941116,non-nesting
298,20/02/2020,15:40:00,1673764.045,19996541.79,HDH,4,51,Cover,Jack-Truck,172,NA,NA,NA,8,Fly,NA,NA,2,1673764.04534294_19996541.7941116,non-nesting
299,20/02/2020,15:44:00,1673764.045,19996541.79,HDH,1,47,Cover,Jack-Truck,187,NA,NA,NA,32,Fly,NA,NA,2,1673764.04534294_19996541.7941116,non-nesting
300,20/02/2020,15:51:00,1673764.045,19996541.79,HDH,2,42,Cover,Jack-Truck,178,NA,NA,NA,20,Fly,NA,NA,2,1673764.04534294_19996541.7941116,non-nesting
301,20/02/2020,16:15:00,1673764.04,19996541.78,Ponds,2,53,Cover,Jack-Truck,NA,NA,Cover,NA,9,Fly,NA,NA,2,1673764.04034294_19996541.7841116,non-nesting
302,20/02/2020,16:26:00,1673764.04,19996541.78,Ponds,3,40,Exposed,Jack-Truck,63,NA,Cover,75,12,Fly,11,Fly,2,1673764.04034294_19996541.7841116,non-nesting
303,20/02/2020,16:39:00,1673764.04,19996541.78,Ponds,2,59,Exposed,Jack-Truck,37,NA,Exposed,NA,36,Fly,19,Fly,2,1673764.04034294_19996541.7841116,non-nesting
304,20/02/2020,16:48:00,1673764.04,19996541.78,Fields,1,58,Cover,Jack-Truck,51,NA,NA,NA,21,Fly,NA,NA,2,1673764.04034294_19996541.7841116,non-nesting
305,01/03/2020,12:36:00,1673763.995,19996541.82,HDH,2,47,Cover,Jack-Truck,33,NA,NA,NA,7,Fly,NA,NA,3,1673763.99534294_19996541.8191116,non-nesting
306,01/03/2020,12:43:00,1673763.995,19996541.82,HDH,1,54,Cover,Jack-Truck,86,NA,NA,NA,18,Fly,NA,NA,3,1673763.99534294_19996541.8191116,non-nesting
307,01/03/2020,14:03:00,1673763.99,19996541.78,HDH,1,40,Exposed,Jack-Truck,48,NA,Exposed,13,10,Fly,29,Fly,3,1673763.99034294_19996541.7841116,non-nesting
308,01/03/2020,16:23:00,1673764.075,19996541.77,Fields,2,127,Exposed,Jack-Truck,51,NA,Cover,NA,46,Fly,35,Fly,3,1673764.07534294_19996541.7691116,non-nesting
